SEQ,TITLE,BARCODE,ISBN,AUTHOR,PUBLISHER,DESCRIPTION,CALL NO,CATEGORY NAME,COAUTHOR,TRANSLATOR,ILLUSTRATOR,SERIES,VOLUME,PURCHASE DATE,PURHCHASE INVOICE,BOOK NO,PRICE
1,耶稣，耶稣在哪里？,RB200054,9789624880694,宗教教育中心出版,宗教教育中心出版,null,null,耶稣，耶稣在哪里？,null,null,null,便找便看系列,null,null,null,null,
2,挪亚，挪亚在哪里？,RB200055,9789624880687,宗教教育中心出版,宗教教育中心出版,null,null,挪亚，挪亚在哪里？,null,null,null,便找便看系列,null,null,null,null,
3,Creation,RB200056,9789624885583,Jacqueline Crawford,宗教教育中心出版,null,null,Creation,null,null,null,A Touch And Feel Book,null,null,null,null,
4,Noah's Ark,RB200058,9789624884463,Jacqueline Crawford,宗教教育中心出版,null,null,Noah's Ark,null,null,null,A Touch And Feel Book,null,null,null,null,
5,Baby Jesus,RB200059,9789624884470,Caroline Jayne Church,宗教教育中心出版,null,null,Baby Jesus,null,null,null,A Touch And Feel Book,null,null,null,null,
6,摇篮里的耶稣,RB200060,9789624881011,Linda Perry,宗教教育中心出版,null,null,摇篮里的耶稣,null,null,null,无,null,null,null,null,
7,漫画福音耶稣的比喻,RB300094,9789579189507,樋口雅一,财团法人基督教宇宙光,null,null,漫画福音耶稣的比喻,null,null,null,null,null,null,null,null,
8,漫画福音创世记,RB300095,9789579189279,樋口雅一,财团法人基督教,null,null,漫画福音创世记,null,null,null,null,null,null,null,null,
9,西门彼得从砂砾到岩石,RB400062,GW786,N/A,OurDailyBread,null,null,西门彼得从砂砾到岩石,null,null,null,null,null,null,null,null,
,,,,,,,,,,,,,,,,,
,,,,,,,,,,,,,,,,,
,,,,,,,,,,,,,,,,,
,,,,,,,,,,,,,,,,,
,,,,,,,,,,,,,,,,,
,,,,,,,,,,,,,,,,,
,,,,,,,,,,,,,,,,,
,,,,,,,,,,,,,,,,,
,,,,,,,,,,,,,,,,,
,,,,,,,,,,,,,,,,,
,,,,,,,,,,,,,,,,,